100654,Alabama A & M University,Normal,AL,35762,5,34.783367999999996,-86.568502,849.0,18.0,0.8738,31000.0,22667.0,"4,616"
100663,University of Alabama at Birmingham,Birmingham,AL,35294-0110,5,33.505697,-86.799345,1125.0,25.0,0.5814,41200.0,22684.0,"12,047"
100690,Amridge University,Montgomery,AL,36117-3553,5,32.362609,-86.17401,,,,39600.0,13380.0,293
100706,University of Alabama in Huntsville,Huntsville,AL,35899,5,34.724557,-86.640449,1257.0,28.0,0.7628,46700.0,22059.0,"6,346"
100724,Alabama State University,Montgomery,AL,36104-0271,5,32.364317,-86.295677,825.0,17.0,0.45899999999999996,27700.0,19242.0,"4,704"
100751,The University of Alabama,Tuscaloosa,AL,35487-0166,5,33.211875,-87.545978,1202.0,27.0,0.5259,44500.0,28422.0,"31,663"
100760,Central Alabama Community College,Alexander City,AL,35010,5,32.92478,-85.945266,,,,27700.0,13868.0,"1,492"
100812,Athens State University,Athens,AL,35611,5,34.806793,-86.964698,,,,38700.0,,"2,888"
100830,Auburn University at Montgomery,Montgomery,AL,36117-3596,5,32.36736,-86.177544,1009.0,22.0,0.7659,33300.0,19255.0,"4,171"
100858,Auburn University,Auburn,AL,36849,5,32.599378,-85.488258,1217.0,27.0,0.8054,48800.0,29794.0,"22,095"
100937,Birmingham Southern College,Birmingham,AL,35254,5,33.513774,-86.85055200000001,1150.0,26.0,0.4839,46700.0,48510.0,"1,289"
101028,Chattahoochee Valley Community College,Phenix City,AL,36869,5,32.42391,-85.031485,,,,28900.0,6980.0,"1,424"
101073,Concordia College Alabama,Selma,AL,36701,5,32.425647,-87.019145,,,0.2363,20600.0,27520.0,340
101116,South University-Montgomery,Montgomery,AL,36116,5,32.342684000000006,-86.216488,,,,33400.0,26892.0,394
101143,Enterprise State Community College,Enterprise,AL,36330-1300,5,31.297496000000002,-85.836956,,,,31800.0,8980.0,"1,357"
101161,Coastal Alabama Community College,Bay Minette,AL,36507-2698,5,30.851343,-87.778193,,,,29100.0,12260.0,"4,189"
101189,Faulkner University,Montgomery,AL,36109-3390,5,32.384181,-86.21641,972.0,21.0,0.4538,35400.0,30557.0,"2,297"
101286,George C Wallace Community College-Dothan,Dothan,AL,36303-9234,5,31.315274,-85.465836,,,,24700.0,9322.0,"3,904"
101295,George C Wallace State Community College-Hanceville,Hanceville,AL,35077-2000,5,34.072439,-86.781935,,,,32200.0,10945.0,"4,857"
101301,George C Wallace State Community College-Selma,Selma,AL,36703-2808,5,32.445917,-87.01329399999999,,,,23300.0,13819.0,"1,397"
101435,Huntingdon College,Montgomery,AL,36106-2148,5,32.351034000000006,-86.284366,1001.0,22.0,0.5676,39900.0,34207.0,"1,140"
101453,Heritage Christian University,Florence,AL,35630-9977,5,34.856153000000006,-87.663051,,,0.3333,,19353.0,50
101480,Jacksonville State University,Jacksonville,AL,36265,5,33.822938,-85.765321,1062.0,23.0,0.5308,35800.0,20750.0,"6,714"
101499,Jefferson Davis Community College,Brewton,AL,36426,5,31.101253999999997,-87.08534,,,,26200.0,12093.0,955
101505,Jefferson State Community College,Birmingham,AL,35215-3098,5,33.652535,-86.707233,,,,30600.0,13710.0,"7,256"
101514,John C Calhoun State Community College,Tanner,AL,35671,5,34.645844,-86.949674,,,,28000.0,9765.0,"8,414"
101541,Judson College,Marion,AL,36756,5,32.629253000000006,-87.315206,1013.0,22.0,0.5755,26100.0,30562.0,327
101587,University of West Alabama,Livingston,AL,35470,5,32.588132,-88.186329,969.0,21.0,0.531,37400.0,18533.0,"1,974"
101602,Lurleen B Wallace Community College,Andalusia,AL,36420-1418,5,31.322946999999996,-86.452262,,,,26500.0,13558.0,"1,419"
101648,Marion Military Institute,Marion,AL,36756-3207,5,32.623734000000006,-87.322041,1066.0,23.0,0.6431,42700.0,17228.0,422
101675,Miles College,Fairfield,AL,35064-2621,5,33.482442,-86.908751,,,,26500.0,22356.0,"1,820"
101693,University of Mobile,Mobile,AL,36613-2842,5,30.793246999999997,-88.128934,1029.0,22.0,0.6193,35200.0,34482.0,"1,367"
101709,University of Montevallo,Montevallo,AL,35115-6000,5,33.10625,-86.865099,1069.0,23.0,0.6542,34200.0,24599.0,"2,399"
101879,University of North Alabama,Florence,AL,35632-0001,5,34.806738,-87.681361,1028.0,22.0,0.5574,37800.0,16601.0,"5,846"
101897,Northeast Alabama Community College,Rainsville,AL,35986,5,34.545471,-85.911664,,,,27900.0,8290.0,"2,007"
101912,Oakwood University,Huntsville,AL,35896,5,34.756344,-86.65270500000001,886.0,19.0,0.4837,29700.0,35585.0,"1,719"
101949,Alabama Southern Community College,Monroeville,AL,36460,5,31.488925,-87.326352,,,,25500.0,10781.0,"1,085"
101958,Prince Institute-Southeast,Elmhurst,IL,60126,3,32.383106,-86.162237,,,,,,10
102049,Samford University,Birmingham,AL,35229-2240,5,33.464128,-86.791799,1170.0,26.0,0.9138,49900.0,43666.0,"3,324"
102058,Selma University,Selma,AL,36701,5,32.420387,-87.032392,,,,,9641.0,165
102067,Shelton State Community College,Tuscaloosa,AL,35405-8522,5,33.120531,-87.56148,,,,27100.0,11561.0,"4,436"
102076,Snead State Community College,Boaz,AL,35957-0734,5,34.201495,-86.16989699999999,,,,27800.0,11226.0,"1,987"
102094,University of South Alabama,Mobile,AL,36688-0002,5,30.696033,-88.17871099999999,1011.0,22.0,0.805,37800.0,19511.0,"11,483"
102234,Spring Hill College,Mobile,AL,36608-1791,5,30.694751,-88.138199,1121.0,25.0,0.4353,45100.0,47815.0,"1,379"
102261,Southeastern Bible College,Birmingham,AL,35244-2083,5,33.378935,-86.749045,970.0,21.0,1.0,34400.0,20923.0,143
102270,Stillman College,Tuscaloosa,AL,35401,5,33.200006,-87.585278,765.0,16.0,0.4192,28200.0,20737.0,628
102298,Talladega College,Talladega,AL,35160,5,33.433471999999995,-86.11270400000001,,,,21900.0,21601.0,669
102368,Troy University,Troy,AL,36082-0001,5,31.800672,-85.957094,992.0,21.0,0.9125,37000.0,18404.0,"13,745"
102377,Tuskegee University,Tuskegee,AL,36088-1920,5,32.4309,-85.708492,1006.0,22.0,0.4999,35500.0,36457.0,"2,393"
102395,United States Sports Academy,Daphne,AL,36526-7055,5,30.639328999999996,-87.91163,,,,,,72
102429,Bevill State Community College,Jasper,AL,35501,5,33.836929,-87.266406,,,,28100.0,12569.0,"3,211"
102553,University of Alaska Anchorage,Anchorage,AK,99508,8,61.190163,-149.82619,,,0.8285,45400.0,18379.0,"11,833"
102614,University of Alaska Fairbanks,Fairbanks,AK,99775-7500,8,64.85755999999999,-147.823146,1060.0,23.0,0.7347,38700.0,16694.0,"5,152"
102669,Alaska Pacific University,Anchorage,AK,99508,8,61.190968000000005,-149.804168,,,0.5506,40200.0,30669.0,262
103945,CollegeAmerica-Flagstaff,Flagstaff,AZ,86001,6,35.194495,-111.657673,,,,23900.0,31236.0,101
104151,Arizona State University-Tempe,Tempe,AZ,85287,6,33.417721,-111.93438300000001,1147.0,25.0,0.825,47700.0,23931.0,"42,224"
104179,University of Arizona,Tucson,AZ,85721-0066,6,32.232671999999994,-110.95081499999999,,,0.7862,47300.0,24633.0,"33,402"
104188,Southwest University of Visual Arts-Tucson,Tucson,AZ,85716,6,32.252879,-110.92726499999999,,,,30200.0,32254.0,132
104346,Central Arizona College,Coolidge,AZ,85128-9030,6,32.957091999999996,-111.652501,,,,26500.0,10290.0,"4,865"
104364,Brown Mackie College-Tucson,Tucson,AZ,85712,6,32.236736,-110.895086,,,,29400.0,,171
104425,Cochise County Community College District,Sierra Vista,AZ,85635-2317,6,31.564596999999996,-110.246946,,,,28500.0,10165.0,"3,764"
104586,Embry-Riddle Aeronautical University-Prescott,Prescott,AZ,86301-3720,6,34.616766,-112.44974099999999,,,0.7634,66200.0,48992.0,"2,363"
104717,Grand Canyon University,Phoenix,AZ,85017,6,33.513231,-112.129929,,,0.5694,52700.0,31156.0,"45,495"
105206,Mohave Community College,Kingman,AZ,86409-1238,6,35.270996000000004,-114.02983799999998,,,,27500.0,11449.0,"2,770"
105297,Dine College,Tsaile,AZ,86556,6,36.293328,-109.21683999999999,,,,21000.0,13499.0,"1,276"
105330,Northern Arizona University,Flagstaff,AZ,86011-4092,6,35.188449,-111.653724,,,0.7804,40100.0,25174.0,"26,399"
105367,Ottawa University-Phoenix,Phoenix,AZ,85021,6,33.572173,-112.113001,,,,41500.0,,293
105589,Prescott College,Prescott,AZ,86301,6,34.5452,-112.477185,1089.0,25.0,0.6847,33200.0,39865.0,349
105792,South Mountain Community College,Phoenix,AZ,85042,6,33.382406,-112.03263500000001,,,,30200.0,11801.0,"3,244"
105899,Arizona Christian University,Phoenix,AZ,85032-7097,6,33.595117,-112.026211,963.0,20.0,0.5916,32200.0,36297.0,684
106041,Universal Technical Institute of Arizona Inc,Avondale,AZ,85323,6,33.453005,-112.288123,,,,45200.0,,"1,896"
106102,Western International University,Tempe,AZ,85282,6,33.403294,-111.964527,,,,35000.0,17736.0,"1,133"
106245,University of Arkansas at Little Rock,Little Rock,AR,72204,5,34.723254,-92.33977800000001,1029.0,22.0,0.8983,34900.0,21392.0,"7,023"
106263,University of Arkansas for Medical Sciences,Little Rock,AR,72205-7199,5,34.749047999999995,-92.32004599999999,,,,61000.0,,656
106306,Arkansas Baptist College,Little Rock,AR,72202-6068,5,34.734751,-92.290555,,,,21800.0,21857.0,878
106342,Lyon College,Batesville,AR,72501,5,35.777619,-91.625354,1099.0,24.0,0.7417,38600.0,35454.0,683
106397,University of Arkansas,Fayetteville,AR,72701,5,36.070009000000006,-94.17698100000001,1170.0,26.0,0.632,44900.0,21817.0,"22,254"
106412,University of Arkansas at Pine Bluff,Pine Bluff,AR,71601,5,34.244031,-92.018683,894.0,19.0,0.4193,27200.0,16319.0,"2,711"
106458,Arkansas State University-Main Campus,Jonesboro,AR,72401,5,35.842388,-90.679988,1090.0,24.0,0.7040000000000001,32200.0,20872.0,"9,128"
106467,Arkansas Tech University,Russellville,AR,72801-2222,5,35.293237,-93.13561999999999,,,0.6391,34100.0,17731.0,"8,463"
106704,University of Central Arkansas,Conway,AR,72035-0001,5,35.077945,-92.457672,1082.0,24.0,0.8978,38300.0,20052.0,"9,082"
106713,Central Baptist College,Conway,AR,72034,5,35.083838,-92.445021,1018.0,22.0,0.6195,35300.0,23491.0,731
106810,Crowley's Ridge College,Paragould,AR,72450,5,36.064845,-90.584395,,,,26000.0,19791.0,197
106980,National Park College,Hot Springs,AR,71913,5,34.512687,-93.119248,,,,25100.0,12268.0,"2,176"
107044,Harding University,Searcy,AR,72149-5615,5,35.247337,-91.72604100000001,1135.0,25.0,0.7018,40900.0,27627.0,"4,377"
107071,Henderson State University,Arkadelphia,AR,71999-0001,5,34.128155,-93.059703,1030.0,22.0,0.6611,35700.0,20112.0,"3,048"
107080,Hendrix College,Conway,AR,72032-3080,5,35.101565,-92.443256,1287.0,29.0,0.7709999999999999,39700.0,56050.0,"1,315"
107141,John Brown University,Siloam Springs,AR,72761,5,36.189811999999996,-94.560283,1173.0,26.0,0.7711,45800.0,36782.0,"1,661"
107512,Ouachita Baptist University,Arkadelphia,AR,71998-0001,5,34.126093,-93.052471,1116.0,25.0,0.6688,41200.0,34740.0,"1,477"
107558,University of the Ozarks,Clarksville,AR,72830,5,35.476278,-93.467221,999.0,22.0,0.8682,33900.0,36207.0,672
107585,University of Arkansas Community College-Morrilton,Morrilton,AR,72110,5,35.172136,-92.728507,950.0,20.0,0.7719,27500.0,10795.0,"1,931"
107600,Philander Smith College,Little Rock,AR,72202-3799,5,34.737131,-92.283015,,,,24400.0,25442.0,764
107840,Shorter College,N Little Rock,AR,72114,5,34.75933,-92.26133100000001,,,,,20528.0,446
107877,Williams Baptist College,Walnut Ridge,AR,72476,5,36.125676,-90.94027700000001,970.0,21.0,0.6051,33100.0,26649.0,434
107983,Southern Arkansas University Main Campus,Magnolia,AR,71753,5,33.291618,-93.235922,989.0,21.0,0.6913,35700.0,20696.0,"3,012"
108092,University of Arkansas-Fort Smith,Fort Smith,AR,72913-3649,5,35.384184000000005,-94.373729,,,,31000.0,15693.0,"5,511"
108232,Academy of Art University,San Francisco,CA,94105,8,37.787748,-122.40068600000001,,,,38600.0,38000.0,"8,182"
108807,Allan Hancock College,Santa Maria,CA,93454-6399,8,34.943715999999995,-120.421144,,,,30400.0,9932.0,"9,445"
108852,American Academy of Dramatic Arts-Los Angeles,Los Angeles,CA,90028,8,34.095378000000004,-118.343701,,,0.7701,32700.0,51581.0,303
109350,Antelope Valley College,Lancaster,CA,93536-5426,8,34.676207,-118.18616599999999,,,,27100.0,9973.0,"11,977"
109651,Art Center College of Design,Pasadena,CA,91103,8,34.169031,-118.185102,,,0.6925,53600.0,61420.0,"1,897"
109785,Azusa Pacific University,Azusa,CA,91702-7000,8,34.130047,-117.888375,1035.0,23.0,0.6146,51100.0,48284.0,"5,770"
109907,Barstow Community College,Barstow,CA,92311,8,34.871451,-117.02523000000001,,,,29900.0,14789.0,"2,964"
110060,Bethesda University,Anaheim,CA,92801,8,33.842295,-117.941323,,,,,16877.0,293
110097,Biola University,La Mirada,CA,90639-0001,8,33.906203000000005,-118.014374,1093.0,24.0,0.6485,44500.0,48857.0,"4,083"
110219,Bryan University,Tempe,AZ,85281,6,33.437779,-111.944197,,,,31900.0,23538.0,"1,489"
110246,Butte College,Oroville,CA,95965-8399,8,39.649782,-121.64483100000001,,,,31300.0,11595.0,"10,410"
110316,California Institute of Integral Studies,San Francisco,CA,94103,8,37.774924,-122.416102,,,,,,70
110334,Cabrillo College,Aptos,CA,95003,8,36.989447999999996,-121.924797,,,,33300.0,14686.0,"10,668"
110361,California Baptist University,Riverside,CA,92504-3297,8,33.929321,-117.425619,988.0,22.0,0.6399,42600.0,41826.0,"6,904"
110370,California College of the Arts,San Francisco,CA,94107-2247,8,37.767485,-122.399451,,,0.6485,37200.0,59502.0,"1,516"
110404,California Institute of Technology,Pasadena,CA,91125,8,34.137349,-118.125878,1555.0,35.0,0.0807,85900.0,63471.0,979
110413,California Lutheran University,Thousand Oaks,CA,91360-2787,8,34.224565999999996,-118.878924,1107.0,25.0,0.6419,54200.0,54373.0,"2,887"
127839,IBMC College,Colorado Springs,CO,80919,7,38.93098,-104.814251,,,,26200.0,,269
110422,California Polytechnic State University-San Luis Obispo,San Luis Obispo,CA,93407,8,35.299513,-120.657311,1270.0,29.0,0.2949,66900.0,25300.0,"20,367"
110486,California State University-Bakersfield,Bakersfield,CA,93311-1099,8,35.350004999999996,-119.10471100000001,,,0.6782,47800.0,16481.0,"8,144"
110495,California State University-Stanislaus,Turlock,CA,95382-0299,8,37.52577,-120.852511,,,0.7434,45400.0,16588.0,"8,610"
110510,California State University-San Bernardino,San Bernardino,CA,92407-2397,8,34.182621999999995,-117.323801,877.0,18.0,0.5814,44500.0,15988.0,"18,317"
110529,California State Polytechnic University-Pomona,Pomona,CA,91768,8,34.054272999999995,-117.819019,1045.0,24.0,0.5916,54000.0,21223.0,"23,611"
110538,California State University-Chico,Chico,CA,95929-0150,8,39.729712,-121.84485900000001,997.0,22.0,0.6525,48100.0,22417.0,"16,305"
110547,California State University-Dominguez Hills,Carson,CA,90747-0005,8,33.864765999999996,-118.255917,,,0.4791,44700.0,13027.0,"12,666"
110556,California State University-Fresno,Fresno,CA,93740,8,36.814477000000004,-119.748258,907.0,19.0,0.5354,44700.0,16078.0,"21,150"
110565,California State University-Fullerton,Fullerton,CA,92831-3599,8,33.881506,-117.885446,1017.0,22.0,0.4823,47200.0,17049.0,"34,416"
110574,California State University-East Bay,Hayward,CA,94542,8,37.657070000000004,-122.058073,,,0.6975,51700.0,20303.0,"13,361"
110583,California State University-Long Beach,Long Beach,CA,90840-0115,8,33.782818,-118.11204,1052.0,23.0,0.3189,48100.0,18192.0,"32,170"
110592,California State University-Los Angeles,Los Angeles,CA,90032-8506,8,34.066927,-118.16896499999999,870.0,18.0,0.637,46100.0,13385.0,"24,046"
110608,California State University-Northridge,Northridge,CA,91330,8,34.240126000000004,-118.529319,918.0,20.0,0.4824,45400.0,16591.0,"35,605"
110617,California State University-Sacramento,Sacramento,CA,95819-2694,8,38.559415,-121.423549,937.0,20.0,0.7194,48900.0,18535.0,"27,884"
110635,University of California-Berkeley,Berkeley,CA,94720,8,37.871918,-122.26046299999999,1422.0,33.0,0.1693,64700.0,34924.0,"29,309"
110644,University of California-Davis,Davis,CA,95616-8678,8,38.539667,-121.749567,1218.0,28.0,0.4228,58200.0,33904.0,"29,358"
110653,University of California-Irvine,Irvine,CA,92697,8,33.648434,-117.841248,1206.0,27.0,0.4065,58400.0,31198.0,"27,317"
110662,University of California-Los Angeles,Los Angeles,CA,90095-1405,8,34.068892,-118.443901,1334.0,31.0,0.1799,60700.0,33078.0,"30,859"
110671,University of California-Riverside,Riverside,CA,92521,8,33.97246,-117.32741000000001,1078.0,24.0,0.6634,49700.0,31494.0,"19,788"
110680,University of California-San Diego,La Jolla,CA,92093,8,32.876598,-117.237793,1324.0,30.0,0.3566,59900.0,31043.0,"28,121"
110705,University of California-Santa Barbara,Santa Barbara,CA,93106,8,34.416297,-119.846426,1281.0,30.0,0.3577,55300.0,34998.0,"21,570"
110714,University of California-Santa Cruz,Santa Cruz,CA,95064-1011,8,36.995584,-122.058801,1201.0,28.0,0.5785,46900.0,34608.0,"16,962"
110778,Sofia University,Palo Alto,CA,94303,8,37.430325,-122.10866000000001,,,,,,9
110918,California Christian College,Fresno,CA,93727,8,36.749365999999995,-119.711123,,,1.0,,13869.0,18
111009,Le Cordon Bleu College of Culinary Arts-San Francisco,San Francisco,CA,94103,8,37.765544,-122.40335,,,,37900.0,,162
111081,California Institute of the Arts,Valencia,CA,91355-2397,8,34.39327,-118.566837,,,0.23600000000000002,37900.0,64686.0,951
111188,California State University Maritime Academy,Vallejo,CA,94590,8,38.069061,-122.231551,,,0.682,82900.0,22204.0,"1,107"
111434,Canada College,Redwood City,CA,94061-1099,8,37.44877,-122.265398,,,,31500.0,9432.0,"5,212"
111461,College of the Canyons,Santa Clarita,CA,91355-1899,8,34.403121,-118.569524,,,,39400.0,10984.0,"17,933"
111638,Casa Loma College-Van Nuys,Van Nuys,CA,91405,8,34.192828999999996,-118.45778100000001,,,0.6031,49600.0,,226
111887,Cerritos College,Norwalk,CA,90650-6298,8,33.88584,-118.09726299999998,,,,31900.0,15112.0,"19,568"
111896,Cerro Coso Community College,Ridgecrest,CA,93555-9571,8,35.567525,-117.66767,,,,28000.0,11313.0,"4,214"
111920,Chabot College,Hayward,CA,94545,8,37.642513,-122.10696899999999,,,,34600.0,11583.0,"12,598"
111939,Chaffey College,Rancho Cucamonga,CA,91737-3002,8,34.147663,-117.57393200000001,,,,31500.0,15215.0,"19,341"
111948,Chapman University,Orange,CA,92866,8,33.793678,-117.851481,1225.0,28.0,0.5403,54500.0,64501.0,"6,338"
111966,Charles R Drew University of Medicine and Science,Los Angeles,CA,90059,8,33.925658,-118.242791,,,0.25,81900.0,,88
112075,Concordia University-Irvine,Irvine,CA,92612-3203,8,33.653665000000004,-117.81230500000001,1048.0,23.0,0.6504,46400.0,45687.0,"1,895"
112084,San Diego Christian College,Santee,CA,92071,8,32.842403999999995,-116.97811200000001,938.0,19.0,0.5329999999999999,36700.0,43473.0,690
112172,Citrus College,Glendora,CA,91741-1899,8,34.135487,-117.88526599999999,,,,30900.0,9281.0,"11,407"
112260,Claremont McKenna College,Claremont,CA,91711-6400,8,34.102154,-117.71118799999999,1413.0,32.0,0.0944,72900.0,66325.0,"1,344"
112385,Coastline Community College,Fountain Valley,CA,92708-2597,8,33.715634,-117.929143,,,,35100.0,22519.0,"9,064"
112394,Cogswell College,San Jose,CA,95134,8,37.414049,-121.94086999999999,,,0.8256,49800.0,27446.0,649
112446,Coleman University,San Diego,CA,92123-1506,8,32.821962,-117.13649299999999,,,,46600.0,33695.0,335
112561,Columbia College,Sonora,CA,95370,8,38.030361,-120.387603,,,,27300.0,12282.0,"2,286"
112570,Columbia College Hollywood,Tarzana,CA,91356-1411,8,34.17972,-118.538793,,,0.5419,31400.0,35282.0,367
112686,El Camino College-Compton Center,Compton,CA,90221-5393,8,33.876665,-118.20918600000002,,,,31800.0,15261.0,"6,214"
112826,Contra Costa College,San Pablo,CA,94806-3195,8,37.969381,-122.337377,,,,33200.0,13070.0,"5,094"
113096,Cosumnes River College,Sacramento,CA,95823-5799,8,38.45295,-121.42310800000001,,,,29700.0,14679.0,"13,001"
113111,Crafton Hills College,Yucaipa,CA,92339-1799,8,34.039178,-117.101173,,,,33000.0,18790.0,"5,058"
113193,Cuesta College,San Luis Obispo,CA,93403-8106,8,35.331276,-120.74223500000001,,,,35600.0,15316.0,"7,755"
113218,Cuyamaca College,El Cajon,CA,92019,8,32.744954,-116.94350700000001,,,,29000.0,11194.0,"8,049"
113236,Cypress College,Cypress,CA,90630-5897,8,33.827625,-118.02388899999998,,,,35600.0,10825.0,"14,882"
113333,De Anza College,Cupertino,CA,95014,8,37.319176,-122.04536499999999,,,,41700.0,11144.0,"19,275"
113573,College of the Desert,Palm Desert,CA,92260,8,33.732484,-116.38761000000001,,,,30600.0,14656.0,"9,603"
113582,Design Institute of San Diego,San Diego,CA,92121,8,32.880926,-117.167374,,,,36800.0,29002.0,143
113634,Diablo Valley College,Pleasant Hill,CA,94523,8,37.968035,-122.06986100000002,,,,37600.0,11519.0,"17,721"
113698,Dominican University of California,San Rafael,CA,94901-2298,8,37.980014000000004,-122.51465400000001,1039.0,23.0,0.7775,55600.0,60045.0,"1,374"
113980,El Camino Community College District,Torrance,CA,90506,8,33.885228999999995,-118.32991299999999,,,,31800.0,15461.0,"21,643"
114123,Empire College,Santa Rosa,CA,95403-2126,8,38.468052,-122.72933700000002,,,,33300.0,,361
114266,Evergreen Valley College,San Jose,CA,95135-1598,8,37.30167,-121.76561000000001,,,,36600.0,16732.0,"7,464"
114354,FIDM-Fashion Institute of Design & Merchandising-Los Angeles,Los Angeles,CA,90015-1421,8,34.044209,-118.25993000000001,,,0.4145,37200.0,46291.0,"2,624"
114390,FIDM-Fashion Institute of Design & Merchandising-San Francisco,San Francisco,CA,94108-5805,8,37.786324,-122.406503,,,0.3632,37200.0,43881.0,332
114415,FIDM-Fashion Institute of Design & Merchandising-Orange County,Irvine,CA,92614-5610,8,33.691963,-117.852254,,,0.5399,37200.0,41168.0,103
114433,Feather River Community College District,Quincy,CA,95971-9124,8,39.952395,-120.970877,,,,29100.0,15907.0,"1,413"
114716,Foothill College,Los Altos Hills,CA,94022,8,37.361655,-122.12796399999999,,,,46500.0,9612.0,"13,966"
114789,Fresno City College,Fresno,CA,93741,8,36.768164,-119.79609599999999,,,,28000.0,9370.0,"19,510"
114813,Fresno Pacific University,Fresno,CA,93702-4709,8,36.726831,-119.735199,968.0,21.0,0.6848,43900.0,37451.0,"2,421"
114859,Fullerton College,Fullerton,CA,92832-2095,8,33.875514,-117.918255,,,,33400.0,11866.0,"22,033"
114938,Gavilan College,Gilroy,CA,95020,8,36.973273999999996,-121.568174,,,,30400.0,11111.0,"4,882"
115001,Glendale Community College,Glendale,CA,91208-2894,8,34.166422,-118.228251,,,,33200.0,9181.0,"13,770"
115083,Golden Gate University-San Francisco,San Francisco,CA,94105-2968,8,37.789208,-122.398785,,,,71100.0,,444
115296,Grossmont College,El Cajon,CA,92020-1799,8,32.816077,-117.00729199999999,,,,34000.0,7956.0,"16,630"
115393,Hartnell College,Salinas,CA,93901,8,36.675090999999995,-121.666054,,,,32100.0,15859.0,"11,473"
115409,Harvey Mudd College,Claremont,CA,91711,8,34.106515,-117.70983700000001,1496.0,34.0,0.1287,88800.0,69355.0,829
115728,Holy Names University,Oakland,CA,94619-1699,8,37.802276,-122.187804,888.0,18.0,0.4846,50800.0,50806.0,515
115755,Humboldt State University,Arcata,CA,95521-8299,8,40.877481,-124.07829299999999,983.0,21.0,0.7709,36600.0,23139.0,"7,956"
115773,Humphreys University-Stockton and Modesto Campuses,Stockton,CA,95207-3896,8,38.011051,-121.316401,,,,28800.0,23493.0,392
115861,Imperial Valley College,Imperial,CA,92251-0158,8,32.827563,-115.50390300000001,,,,25400.0,11077.0,"6,873"
116226,Interior Designers Institute,Newport Beach,CA,92660,8,33.641393,-117.86572199999999,,,,37800.0,28824.0,225
116712,John F. Kennedy University,Pleasant Hill,CA,94523-4817,8,37.956616,-122.05476100000001,,,,58000.0,,136
116846,American Jewish University,Los Angeles,CA,90077-1519,8,34.128099,-118.471764,,,0.5979,,36286.0,63
117052,Reedley College,Reedley,CA,93654,8,36.605968,-119.45993,,,,26300.0,9655.0,"7,899"
117104,Life Pacific College,San Dimas,CA,91773-3298,8,34.098704999999995,-117.829388,889.0,19.0,0.9732,32700.0,24838.0,534
117113,Argosy University-The Art Institute of California-San Diego,San Diego,CA,92108-4423,8,32.778278,-117.155395,,,,41400.0,29567.0,"1,118"
117140,University of La Verne,La Verne,CA,91750-4401,8,34.10086,-117.77263400000001,1040.0,23.0,0.4806,49200.0,50603.0,"5,367"
117168,Laguna College of Art and Design,Laguna Beach,CA,92651,8,33.561448,-117.77256399999999,,,0.3919,32900.0,44317.0,567
117195,Lake Tahoe Community College,South Lake Tahoe,CA,96150,8,38.926797,-119.972574,,,,25900.0,10476.0,"1,796"
117247,Laney College,Oakland,CA,94607,8,37.796205,-122.26243400000001,,,,27700.0,15330.0,"9,482"
117274,Lassen Community College,Susanville,CA,96130,8,40.431327,-120.631169,,,,31300.0,14029.0,"1,948"
117557,Lincoln University,Oakland,CA,94612-2801,8,37.804788,-122.269745,,,,,21195.0,138
117575,Southern California Seminary,El Cajon,CA,92019-1108,8,32.799614,-116.90546100000002,,,,,31893.0,72
117627,La Sierra University,Riverside,CA,92505-8247,8,33.910703999999996,-117.500054,906.0,19.0,0.4593,49500.0,42033.0,"1,898"
117636,Loma Linda University,Loma Linda,CA,92350,8,34.051241,-117.260605,,,,80600.0,,"1,038"
117645,Long Beach City College,Long Beach,CA,90808-1706,8,33.831741,-118.135819,,,,28900.0,10568.0,"23,202"
117690,Los Angeles Harbor College,Wilmington,CA,90744-2397,8,33.784201,-118.28186000000001,,,,32100.0,16347.0,"8,000"
117706,Los Angeles Pierce College,Woodland Hills,CA,91371-0002,8,34.183949,-118.575071,,,,34900.0,14954.0,"18,099"
117715,Los Angeles Southwest College,Los Angeles,CA,90047-4899,8,33.929586,-118.304674,,,,24800.0,12190.0,"5,691"
117751,The Master's University and Seminary,Santa Clarita,CA,91321-1200,8,34.381755,-118.518193,1098.0,25.0,0.8318,41700.0,43846.0,"1,155"
117803,Los Angeles County College of Nursing and Allied Health,Los Angeles,CA,90033-1084,8,34.062647,-118.21185200000001,,,,86500.0,,200
117867,Los Angeles Mission College,Sylmar,CA,91342-3200,8,34.314944,-118.419087,,,,32600.0,14234.0,"8,510"
117894,Los Medanos College,Pittsburg,CA,94565,8,38.006474,-121.86096699999999,,,,34900.0,10878.0,"7,906"
117928,Argosy University-The Art Institute of California-San Francisco,San Francisco,CA,94102-4908,8,37.780569,-122.413417,,,,41400.0,28125.0,629
117946,Loyola Marymount University,Los Angeles,CA,90045-2659,8,33.97085,-118.41574399999999,1244.0,28.0,0.5387,61300.0,60371.0,"6,126"
118347,College of Marin,Kentfield,CA,94904-2590,8,37.954896999999995,-122.549149,,,,33700.0,13691.0,"4,482"
118541,Marymount California University,Rancho Palos Verdes,CA,90275-6299,8,33.734887,-118.333371,,,,35900.0,50758.0,942
118684,Mendocino College,Ukiah,CA,95482,8,39.188989,-123.22880900000001,,,,26300.0,14039.0,"3,185"
118693,Menlo College,Atherton,CA,94027-4301,8,37.453475,-122.190797,1010.0,22.0,0.4087,50900.0,56035.0,787
118718,Merced College,Merced,CA,95348-2898,8,37.3353,-120.47646399999999,,,,27000.0,15400.0,"9,478"
118888,Mills College,Oakland,CA,94613,8,37.781425,-122.182294,1109.0,26.0,0.8441,39900.0,60311.0,819
118930,Mission College,Santa Clara,CA,95054-1897,8,37.391935,-121.980783,,,,34500.0,15052.0,"6,323"
118976,Modesto Junior College,Modesto,CA,95350-5800,8,37.652042,-121.009723,,,,30800.0,14839.0,"16,552"
119058,Middlebury Institute of International Studies at Monterey,Monterey,CA,93940,8,36.599736,-121.897325,,,,58200.0,,20
119067,Monterey Peninsula College,Monterey,CA,93940-4799,8,36.590558,-121.88493100000001,,,,31900.0,10718.0,"7,217"
119137,Moorpark College,Moorpark,CA,93021-1695,8,34.301146,-118.834528,,,,38600.0,8577.0,"13,258"
119164,Mt San Antonio College,Walnut,CA,91789-1399,8,34.047764,-117.84662900000001,,,,35000.0,9758.0,"26,595"
119173,Mount Saint Mary's University,Los Angeles,CA,90049-1599,8,34.085315,-118.482879,923.0,20.0,0.8592,53200.0,50406.0,"2,779"
119216,Mt San Jacinto Community College District,San Jacinto,CA,92583-2399,8,33.807364,-116.97006299999998,,,,28800.0,11634.0,"14,503"
119331,Napa Valley College,Napa,CA,94558-6236,8,38.274081,-122.274381,,,,37000.0,17068.0,"5,626"
119605,National University,La Jolla,CA,92037-1011,8,32.909894,-117.243026,,,,59400.0,26620.0,"7,982"
119775,Newschool of Architecture and Design,San Diego,CA,92101,8,32.71331,-117.153305,,,0.9908,49400.0,44971.0,411
120184,Notre Dame de Namur University,Belmont,CA,94002-1908,8,37.517501,-122.284618,913.0,20.0,0.9668,56400.0,50415.0,982
120254,Occidental College,Los Angeles,CA,90041-3392,8,34.126224,-118.210783,1315.0,30.0,0.4581,50600.0,67046.0,"1,957"
120290,Ohlone College,Fremont,CA,94539-0390,8,37.52773,-121.916339,,,,38900.0,16547.0,"8,578"
120403,Otis College of Art and Design,Los Angeles,CA,90045-3505,8,33.956607,-118.416615,,,0.9295,44900.0,56519.0,"1,015"
120421,Oxnard College,Oxnard,CA,93033-6699,8,34.166104,-119.157604,,,,31000.0,8516.0,"6,506"
120537,Hope International University,Fullerton,CA,92831-3199,8,33.87616,-117.88573000000001,942.0,21.0,0.3211,36000.0,38570.0,940
120698,Palo Alto University,Palo Alto,CA,94304-1337,8,37.382216,-122.18743700000002,,,,,,157
120768,Pacific Oaks College,Pasadena,CA,91103,8,34.153382,-118.151323,,,,42800.0,,522
120838,Pacific States University,Los Angeles,CA,90010-2263,8,34.061315,-118.29840800000001,,,,,,12
120865,Pacific Union College,Angwin,CA,94508-9707,8,38.570584999999994,-122.440308,986.0,21.0,0.4655,51700.0,41700.0,"1,400"
120883,University of the Pacific,Stockton,CA,95211-0197,8,37.981424,-121.312301,1180.0,27.0,0.6599,71700.0,56899.0,"3,474"
121044,Pasadena City College,Pasadena,CA,91106-2003,8,34.144552000000004,-118.118196,,,,33800.0,11958.0,"24,790"
121150,Pepperdine University,Malibu,CA,90263,8,34.037786,-118.707077,1251.0,29.0,0.3687,65500.0,66152.0,"3,528"
121257,Pitzer College,Claremont,CA,91711-6101,8,34.104107,-117.706675,,,0.1374,48700.0,65880.0,"1,062"
121275,Platt College-San Diego,San Diego,CA,92115-3919,8,32.763729999999995,-117.063483,,,,37000.0,42343.0,202
121309,Point Loma Nazarene University,San Diego,CA,92106-2899,8,32.718391,-117.25026499999998,1149.0,26.0,0.6942,50900.0,46683.0,"2,986"
121345,Pomona College,Claremont,CA,91711-6319,8,34.098298,-117.71194399999999,1442.0,33.0,0.0944,58100.0,64870.0,"1,547"
121363,Porterville College,Porterville,CA,93257,8,36.049256,-119.01436799999999,,,,27700.0,9734.0,"3,408"
121619,Santa Ana College,Santa Ana,CA,92706-3398,8,33.759203,-117.888384,,,,33800.0,10446.0,"26,204"
121691,University of Redlands,Redlands,CA,92373-0999,8,34.064218,-117.163218,1101.0,25.0,0.7475,55000.0,61542.0,"3,169"
121707,College of the Redwoods,Eureka,CA,95501-9300,8,40.698427,-124.19529299999999,,,,28100.0,10608.0,"4,058"
121886,Rio Hondo College,Whittier,CA,90601-1616,8,34.019878000000006,-118.03332900000001,,,,35100.0,11991.0,"16,714"
121901,Riverside City College,Riverside,CA,92506,8,33.971481,-117.38054,,,,31600.0,12578.0,"17,482"
121983,Argosy University-San Francisco Bay Area,Alameda,CA,94501,8,37.781238,-122.267523,,,,41400.0,,110
122180,Sacramento City College,Sacramento,CA,95822-1386,8,38.541096,-121.49113899999999,,,,34300.0,14372.0,"20,141"
122296,Samuel Merritt University,Oakland,CA,94609,8,37.82029,-122.26633100000001,,,,111100.0,,650
122339,San Diego City College,San Diego,CA,92101-4787,8,32.718855,-117.151641,,,,29200.0,12068.0,"14,323"
122366,Golf Academy of America-San Diego,Carlsbad,CA,92008,8,33.12291,-117.283394,,,,24600.0,29220.0,117
122375,San Diego Mesa College,San Diego,CA,92111-4998,8,32.803825,-117.16916499999999,,,,37800.0,12382.0,"20,443"
122384,San Diego Miramar College,San Diego,CA,92126-2999,8,32.909546,-117.120888,,,,39300.0,11912.0,"12,793"
122409,San Diego State University,San Diego,CA,92182,8,32.77525,-117.071228,1132.0,26.0,0.3464,51000.0,22056.0,"29,398"
122436,University of San Diego,San Diego,CA,92110-2492,8,32.77142,-117.188721,1237.0,28.0,0.5138,60000.0,61004.0,"5,604"
122454,San Francisco Art Institute,San Francisco,CA,94133-2299,8,37.803575,-122.417,,,0.9261,31900.0,65453.0,332
122506,San Francisco Conservatory of Music,San Francisco,CA,94102-6011,8,37.775543,-122.42029199999999,,,0.4175,19700.0,60410.0,187
122597,San Francisco State University,San Francisco,CA,94132,8,37.721345,-122.477905,979.0,21.0,0.682,49200.0,22396.0,"24,882"
122612,University of San Francisco,San Francisco,CA,94117-1080,8,37.775564,-122.45097700000001,1150.0,26.0,0.7137,62300.0,61072.0,"6,664"
122658,San Joaquin Delta College,Stockton,CA,95207,8,37.994642999999996,-121.317226,,,,30800.0,16084.0,"15,097"
122685,San Joaquin Valley College-Visalia,Visalia,CA,93291-9283,8,36.328049,-119.38498100000001,,,,28300.0,,"5,553"
122728,William Jessup University,Rocklin,CA,95765-3707,8,38.819728000000005,-121.29231200000001,1023.0,22.0,0.7251,37300.0,40390.0,"1,159"
122746,San Jose City College,San Jose,CA,95128-2798,8,37.315827,-121.926185,,,,31400.0,15892.0,"6,840"
122755,San Jose State University,San Jose,CA,95192-0001,8,37.336569,-121.88062099999999,1039.0,23.0,0.5344,56100.0,22780.0,"26,253"
122834,Santa Barbara Business College-Bakersfield,Bakersfield,CA,93309,8,35.359544,-119.061264,,,,24800.0,20028.0,422
122852,Santa Barbara Business College-Santa Maria,Santa Maria,CA,93454,8,34.937806,-120.433296,,,,29400.0,19913.0,104
122889,Santa Barbara City College,Santa Barbara,CA,93109-2394,8,34.406788,-119.698045,,,,36800.0,15882.0,"13,827"
122931,Santa Clara University,Santa Clara,CA,95053,8,37.348362,-121.93784,1321.0,30.0,0.483,72600.0,62964.0,"5,411"
122977,Santa Monica College,Santa Monica,CA,90405-1628,8,34.017022,-118.469765,,,,33000.0,11844.0,"28,154"
123165,Scripps College,Claremont,CA,91711-3905,8,34.104147,-117.711294,1353.0,30.0,0.2988,54100.0,66060.0,"1,030"
123217,College of the Sequoias,Visalia,CA,93277-2214,8,36.322957,-119.314775,,,,27400.0,8109.0,"10,581"
123280,Shasta Bible College and Graduate School,Redding,CA,96002,8,40.566034,-122.314419,,,1.0,,22005.0,46
123299,Shasta College,Redding,CA,96003,8,40.625731,-122.317982,,,,27500.0,12745.0,"7,285"
123341,Sierra College,Rocklin,CA,95677-3397,8,38.790773,-121.211688,,,,30700.0,13072.0,"16,357"
123457,Simpson University,Redding,CA,96003-8606,8,40.61331,-122.333048,985.0,21.0,0.5215,34500.0,37437.0,788
123484,College of the Siskiyous,Weed,CA,96094-2899,8,41.413848,-122.38916599999999,,,,25900.0,14027.0,"2,002"
123509,Skyline College,San Bruno,CA,94066-1698,8,37.63042,-122.467335,,,,40500.0,8580.0,"8,242"
123527,San Bernardino Valley College,San Bernardino,CA,92410-2798,8,34.086353,-117.313248,,,,27300.0,14005.0,"11,023"
123554,Saint Mary's College of California,Moraga,CA,94575,8,37.840731,-122.109031,1093.0,25.0,0.8039,56300.0,61095.0,"2,789"
123563,Solano Community College,Fairfield,CA,94534-3197,8,38.235881,-122.122368,,,,34800.0,12558.0,"8,219"
123572,Sonoma State University,Rohnert Park,CA,94928-3609,8,38.340274,-122.677066,990.0,22.0,0.7627,49200.0,24000.0,"8,572"
123633,South Baylo University,Anaheim,CA,92801-1701,8,33.847936,-117.95866299999999,,,,31700.0,,261
123651,Vanguard University of Southern California,Costa Mesa,CA,92626,8,33.662686,-117.90091100000001,942.0,21.0,0.7024,41800.0,42564.0,"1,765"
123800,Southwestern College,Chula Vista,CA,91910-7299,8,32.641566999999995,-116.997215,,,,30800.0,10713.0,"16,952"
123952,Southern California Institute of Architecture,Los Angeles,CA,90013-1822,8,34.044215,-118.232799,,,,43100.0,67225.0,257
123961,University of Southern California,Los Angeles,CA,90089,8,34.021281,-118.28416899999999,1395.0,32.0,0.1662,74000.0,67064.0,"18,557"
124113,Taft College,Taft,CA,93268,8,35.149343,-119.459751,,,,31800.0,12882.0,"5,550"
124292,Thomas Aquinas College,Santa Paula,CA,93060,8,34.429009,-119.08714099999999,1249.0,28.0,0.7461,42100.0,35724.0,386
124487,Epic Bible College,Sacramento,CA,95841,8,38.645152,-121.362642,,,0.7857,25100.0,25468.0,171
125028,Ventura College,Ventura,CA,93003-3872,8,34.277035,-119.230659,,,,33800.0,8407.0,"11,644"
125091,Victor Valley College,Victorville,CA,92395-5850,8,34.472231,-117.26145600000001,,,,27800.0,14703.0,"9,825"
125170,Berkeley City College,Berkeley,CA,94704,8,37.869769,-122.26987700000001,,,,32600.0,13200.0,"6,207"
125231,Walden University,Minneapolis,MN,55401,4,44.98125,-93.265738,,,,50100.0,,"7,329"
125499,West Valley College,Saratoga,CA,95070-5698,8,37.26398,-122.008324,,,,38800.0,14989.0,"7,118"
125532,Carrington College-Sacramento,Sacramento,CA,95826,8,38.556151,-121.37133100000001,,,0.4588,30800.0,,"1,186"
125727,Westmont College,Santa Barbara,CA,93108-1089,8,34.450151,-119.662517,1171.0,26.0,0.8276,51400.0,57387.0,"1,277"
125763,Whittier College,Whittier,CA,90601,8,33.977625,-118.028402,1040.0,23.0,0.6945,46800.0,53966.0,"1,594"
125897,Woodbury University,Burbank,CA,91510-7846,8,34.208011,-118.34114699999999,1012.0,24.0,0.6624,48200.0,48733.0,"1,103"
126076,Yeshiva Ohr Elchonon Chabad West Coast Talmudical Seminary,Los Angeles,CA,90046-7660,8,34.085494,-118.34668799999999,,,0.6406,,25800.0,151
126119,Yuba College,Marysville,CA,95901,8,39.126536,-121.53963999999999,,,,28600.0,11182.0,"5,722"
126182,Adams State University,Alamosa,CO,81101,7,37.473636,-105.87964199999999,933.0,20.0,0.9857,35200.0,21026.0,"1,982"
126359,Bel-Rea Institute of Animal Technology,Denver,CO,80247,7,39.686194,-104.87620700000001,,,0.3196,29600.0,25126.0,411
126562,University of Colorado Denver/Anschutz Medical Campus,Denver,CO,80217-3364,7,39.745149,-104.837722,1077.0,24.0,0.6052,56400.0,20306.0,"11,228"
126580,University of Colorado Colorado Springs,Colorado Springs,CO,80918,7,38.892734999999995,-104.800296,1069.0,23.0,0.9286,43900.0,21038.0,"10,153"
126605,Spartan College of Aeronautics and Technology,Broomfield,CO,80021-3465,7,39.914821999999994,-105.119096,,,,46300.0,26124.0,478
126614,University of Colorado Boulder,Boulder,CO,80309-0017,7,40.008781,-105.270823,1229.0,28.0,0.7662,50800.0,31393.0,"27,376"
126669,Colorado Christian University,Lakewood,CO,80226,7,39.713879999999996,-105.09456000000002,,,,39300.0,41463.0,"4,697"
126678,Colorado College,Colorado Springs,CO,80903,7,38.848859999999995,-104.82269699999999,,,0.1599,45400.0,63600.0,"2,084"
126702,The Art Institute of Colorado,Denver,CO,80203-2983,7,39.735587,-104.98584699999999,,,,33300.0,27373.0,811
126748,Colorado Northwestern Community College,Rangely,CO,81648-3598,7,40.081112,-108.790048,,,,38400.0,17305.0,625
126775,Colorado School of Mines,Golden,CO,80401,7,39.751443,-105.22336399999999,1354.0,31.0,0.4035,84900.0,31226.0,"4,564"
126784,Colorado School of Trades,Lakewood,CO,80215-2996,7,39.74181,-105.104174,,,,35100.0,,170
126818,Colorado State University-Fort Collins,Fort Collins,CO,80523-0100,7,40.574805,-105.08073200000001,1159.0,26.0,0.7796,47100.0,24885.0,"23,497"
126827,Colorado Technical University-Colorado Springs,Colorado Springs,CO,80907-3812,7,38.894265000000004,-104.833928,,,,42200.0,24136.0,"21,986"
126863,Community College of Aurora,Aurora,CO,80011-9036,7,39.71788,-104.802673,,,,34200.0,15424.0,"4,748"
126872,CollegeAmerica-Denver,Denver,CO,80222,7,39.691571,-104.94116799999999,,,,27100.0,30470.0,201
126942,Community College of Denver,Denver,CO,80204-2026,7,39.741413,-105.001044,,,,31500.0,14516.0,"7,622"
127060,University of Denver,Denver,CO,80208,7,39.678005,-104.96325900000001,1262.0,29.0,0.5347,56500.0,59656.0,"5,738"
127185,Fort Lewis College,Durango,CO,81301-3999,7,37.275939,-107.86742199999999,1014.0,22.0,0.9212,35200.0,24298.0,"3,443"
127389,Lamar Community College,Lamar,CO,81052-3999,7,38.068886,-102.61614399999999,,,,28400.0,16527.0,488
127556,Colorado Mesa University,Grand Junction,CO,81501-3122,7,39.080643,-108.553275,989.0,21.0,0.8275,36800.0,19224.0,"8,734"
127565,Metropolitan State University of Denver,Denver,CO,80217-3362,7,39.744202,-105.00504,951.0,20.0,0.6387,40200.0,18017.0,"19,334"
127653,Naropa University,Boulder,CO,80302-6697,7,40.014235,-105.26698700000001,,,1.0,20700.0,47114.0,374
127680,National American University-Colorado Springs,Colorado Springs,CO,80920,7,38.952175,-104.79095699999999,,,,34500.0,,194
127714,Nazarene Bible College,Colorado Springs,CO,80916-1905,7,38.814671000000004,-104.751176,,,,29700.0,,693
127741,University of Northern Colorado,Greeley,CO,80639,7,40.410855,-104.692777,1031.0,22.0,0.9027,42000.0,21640.0,"9,098"
127820,Pikes Peak Community College,Colorado Springs,CO,80906-5498,7,38.764287,-104.787261,,,,31300.0,15163.0,"10,796"
127918,Regis University,Denver,CO,80221-1099,7,39.788175,-105.03075600000001,1098.0,24.0,0.5659,56400.0,45305.0,"4,016"
127945,Rocky Mountain College of Art and Design,Lakewood,CO,80214,7,39.743320000000004,-105.069911,,,,33000.0,28170.0,898
128106,Colorado State University-Pueblo,Pueblo,CO,81001-4901,7,38.30859,-104.579033,969.0,21.0,0.9638,37500.0,19561.0,"3,953"
128179,Intellitec College-Colorado Springs,Colorado Springs,CO,80909-6096,7,38.832183,-104.78721,,,,34700.0,,742
128188,Intellitec College-Grand Junction,Grand Junction,CO,81506,7,39.116346,-108.53062,,,,21700.0,,942
128391,Western State Colorado University,Gunnison,CO,81231,7,38.549436,-106.91843899999999,1026.0,22.0,0.9188,39000.0,21431.0,"1,987"
128498,Albertus Magnus College,New Haven,CT,06511-1189,1,41.332519,-72.92384799999999,,,,51200.0,45178.0,"1,218"
128683,Lincoln College of New England-Southington,Southington,CT,06489-1057,1,41.632345,-72.92021700000001,,,,33900.0,32863.0,536
128744,University of Bridgeport,Bridgeport,CT,06604-5620,1,41.164741,-73.190166,930.0,21.0,0.5778,43100.0,50082.0,"2,941"
128771,Central Connecticut State University,New Britain,CT,06050,1,41.692502000000005,-72.765991,1000.0,22.0,0.6001,47900.0,21706.0,"9,269"
128780,Charter Oak State College,New Britain,CT,06053,1,41.688246,-72.767972,,,,38800.0,,"1,459"
128902,Connecticut College,New London,CT,06320-4196,1,41.379833000000005,-72.107321,,,0.3513,54900.0,64915.0,"1,822"
129020,University of Connecticut,Storrs,CT,06269,1,41.809098,-72.249948,1248.0,29.0,0.488,58400.0,29128.0,"19,030"
129154,Goodwin College,East Hartford,CT,06118,1,41.742977,-72.64031999999999,,,,38300.0,30650.0,"3,390"
129215,Eastern Connecticut State University,Willimantic,CT,06226,1,41.721672999999996,-72.218753,,,0.5791,46400.0,24077.0,"4,818"
129242,Fairfield University,Fairfield,CT,06824-5195,1,41.157672999999996,-73.255903,,,0.6147,72100.0,60526.0,"3,955"
129367,Capital Community College,Hartford,CT,06103,1,41.768397,-72.67273399999999,,,,32300.0,11960.0,"2,928"
129525,University of Hartford,West Hartford,CT,06117-1599,1,41.798590999999995,-72.715213,1046.0,23.0,0.7193,47800.0,51495.0,"4,924"
129534,Holy Apostles College and Seminary,Cromwell,CT,06416-2005,1,41.60682,-72.647853,,,,,8650.0,116
129543,Housatonic Community College,Bridgeport,CT,06604-4704,1,41.175228000000004,-73.19100300000001,,,,29900.0,10495.0,"4,744"
129695,Manchester Community College,Manchester,CT,06040,1,41.761625,-72.561939,,,,34700.0,9618.0,"5,794"
129729,Naugatuck Valley Community College,Waterbury,CT,06708-3089,1,41.549749,-73.072963,,,,35400.0,10810.0,"5,976"
129756,Middlesex Community College,Middletown,CT,06457-4829,1,41.539516,-72.611838,,,,35300.0,10466.0,"2,379"
129774,Mitchell College,New London,CT,06320,1,41.328013,-72.09523,,,0.8756,32000.0,45364.0,579
129808,Three Rivers Community College,Norwich,CT,06360,1,41.509945,-72.103039,,,,32700.0,11054.0,"3,905"
129941,University of New Haven,West Haven,CT,06516-1916,1,41.291314,-72.961472,1043.0,23.0,0.8053,52100.0,51801.0,"4,850"
130004,Norwalk Community College,Norwalk,CT,06854,1,41.102574,-73.450965,,,,33500.0,12207.0,"4,598"
130040,Northwestern Connecticut Community College,Winsted,CT,06098,1,41.920668,-73.058734,,,,33900.0,10686.0,"1,066"
130110,Paier College of Art Inc,Hamden,CT,06514-3902,1,41.347714,-72.935048,,,,31400.0,19950.0,95
130183,Post University,Waterbury,CT,06723,1,41.535548999999996,-73.081497,893.0,19.0,0.4071,40900.0,30004.0,"6,894"
130217,Quinebaug Valley Community College,Danielson,CT,06239-1436,1,41.826229999999995,-71.889673,,,,26100.0,12735.0,"1,434"
130226,Quinnipiac University,Hamden,CT,06518,1,41.418915000000005,-72.89411700000001,1096.0,25.0,0.7644,63300.0,58713.0,"7,042"
130253,Sacred Heart University,Fairfield,CT,06825-1000,1,41.220893,-73.243332,,,0.5721,56000.0,54037.0,"5,325"
130314,University of Saint Joseph,West Hartford,CT,06117,1,41.781040999999995,-72.72965,985.0,,0.8759999999999999,52800.0,47147.0,843
130396,Gateway Community College,New Haven,CT,06510,1,41.303785,-72.92768199999999,,,,32800.0,10346.0,"6,494"
130448,St Vincent's College,Bridgeport,CT,06606-4201,1,41.201198,-73.20110600000001,788.0,,0.7049,58100.0,25743.0,745
130493,Southern Connecticut State University,New Haven,CT,06515-1355,1,41.333225,-72.947897,933.0,21.0,0.6352,45300.0,21029.0,"7,963"
130590,Trinity College,Hartford,CT,06106-3100,1,41.747451,-72.69088199999999,,,0.3395,66100.0,66420.0,"2,225"
130606,Tunxis Community College,Farmington,CT,06032-3187,1,41.705498,-72.87754,,,,34600.0,11510.0,"3,304"
130697,Wesleyan University,Middletown,CT,06459,1,41.554665,-72.657146,,,0.1785,54700.0,65443.0,"2,913"
130776,Western Connecticut State University,Danbury,CT,06810-6826,1,41.400365,-73.444264,,,0.6683,45200.0,23264.0,"5,001"
130794,Yale University,New Haven,CT,06520,1,41.311158,-72.926688,1502.0,34.0,0.0632,83200.0,66445.0,"5,471"
130907,Delaware Technical Community College-Terry,Dover,DE,19901,2,39.198371,-75.56012,,,,31300.0,11579.0,"12,825"
130934,Delaware State University,Dover,DE,19901,2,39.187173,-75.54053,898.0,19.0,0.4065,35800.0,21177.0,"3,692"
130943,University of Delaware,Newark,DE,19716,2,39.679577,-75.752822,1170.0,26.0,0.695,57000.0,24557.0,"18,510"
130989,Goldey-Beacom College,Wilmington,DE,19808,2,39.741501,-75.689624,,,0.5808,44500.0,36339.0,687
131098,Wesley College,Dover,DE,19901-3875,2,39.163182,-75.527716,830.0,16.0,0.6047,42900.0,39189.0,"1,345"
131113,Wilmington University,New Castle,DE,19720,2,39.682299,-75.586998,,,,42500.0,17209.0,"8,377"
131159,American University,Washington,DC,20016-8001,2,38.936005,-77.088875,1262.0,29.0,0.2591,61000.0,60501.0,"7,276"
131283,Catholic University of America,Washington,DC,20064,2,38.933651,-76.99790899999999,,,0.7955,56800.0,57561.0,"3,220"
131399,University of the District of Columbia,Washington,DC,20008,2,38.943819,-77.066247,,,,35200.0,20714.0,"3,695"
131450,Gallaudet University,Washington,DC,20002-3695,2,38.907371000000005,-76.993675,827.0,17.0,0.6614,31000.0,35288.0,"1,112"
131469,George Washington University,Washington,DC,20052,2,38.899229999999996,-77.048363,1301.0,30.0,0.4021,69600.0,65218.0,"11,244"
131496,Georgetown University,Washington,DC,20057-0001,2,38.908809000000005,-77.073463,1422.0,32.0,0.1685,93500.0,66971.0,"7,112"
131520,Howard University,Washington,DC,20059-0001,2,38.922391999999995,-77.018966,1142.0,25.0,0.3,49200.0,43116.0,"5,830"
131803,Strayer University-District of Columbia,Washington,DC,20005,2,38.904881,-77.034133,,,,45900.0,29544.0,798
155177,Hesston College,Hesston,KS,67062-2093,4,38.134558,-97.433883,,,,41000.0,37348.0,397
131876,Trinity Washington University,Washington,DC,20017-1094,2,38.927398,-77.004261,,,0.8855,38800.0,31410.0,"1,536"
132338,The Art Institute of Fort Lauderdale,Fort Lauderdale,FL,33316-3000,5,26.101096,-80.123514,,,,30500.0,27394.0,956
132408,The Baptist College of Florida,Graceville,FL,32440,5,30.962708000000003,-85.50393100000001,910.0,20.0,0.5868,31800.0,17117.0,430
132471,Barry University,Miami,FL,33161-6695,5,25.878908,-80.198925,930.0,20.0,0.6159,45800.0,44430.0,"3,461"
132602,Bethune-Cookman University,Daytona Beach,FL,32114-3099,5,29.207195000000002,-81.032946,,,,29200.0,27193.0,"3,741"
132657,Lynn University,Boca Raton,FL,33431-5598,5,26.385984999999998,-80.12280600000001,984.0,22.0,0.8173,39300.0,51585.0,"2,053"
132693,Eastern Florida State College,Cocoa,FL,32922,5,28.383609999999997,-80.756474,,,,29300.0,10225.0,"12,321"
132842,Carlos Albizu University-Miami,Miami,FL,33172-2209,5,25.794178,-80.35631500000001,,,0.3953,30200.0,28348.0,210
132851,College of Central Florida,Ocala,FL,34474,5,29.166078999999996,-82.175692,,,,31400.0,14058.0,"6,154"
132879,Johnson University Florida,Kissimmee,FL,34744,5,28.302546999999997,-81.36305300000001,972.0,21.0,0.6164,29800.0,21876.0,181
132903,University of Central Florida,Orlando,FL,32816,5,28.602159000000004,-81.200889,1179.0,26.0,0.4999,45400.0,21168.0,"55,113"
133021,Chipola College,Marianna,FL,32446-2053,5,30.789228,-85.23139,,,,30300.0,9483.0,"1,620"
133386,Daytona State College,Daytona Beach,FL,32114,5,29.203275,-81.049685,,,,28700.0,8773.0,"8,758"
133465,South University-West Palm Beach,Royal Palm Beach,FL,33411,5,26.69215,-80.20021899999999,,,,33400.0,27597.0,797
133492,Eckerd College,Saint Petersburg,FL,33711-4700,5,27.715798,-82.687043,1125.0,25.0,0.7213,42200.0,55113.0,"2,028"
133508,Florida SouthWestern State College,Fort Myers,FL,33919,5,26.552403,-81.887102,,,,34700.0,14520.0,"11,035"
133526,Edward Waters College,Jacksonville,FL,32209,5,30.344790000000003,-81.68487900000001,808.0,17.0,0.5770000000000001,25900.0,24706.0,945
133553,Embry-Riddle Aeronautical University-Daytona Beach,Daytona Beach,FL,32114-3900,5,29.189903,-81.048367,,,0.7072,66200.0,49338.0,"5,407"
133650,Florida Agricultural and Mechanical University,Tallahassee,FL,32307,5,30.428503999999997,-84.290226,1001.0,22.0,0.3111,37600.0,20231.0,"7,365"
133669,Florida Atlantic University,Boca Raton,FL,33431-0991,5,26.372421000000003,-80.10297800000001,1047.0,23.0,0.5978,43200.0,18992.0,"24,221"
133702,Florida State College at Jacksonville,Jacksonville,FL,32202,5,30.334918,-81.659901,,,,31900.0,10970.0,"20,507"
133711,Flagler College-St Augustine,Saint Augustine,FL,32084,5,29.892733000000003,-81.314887,1079.0,24.0,0.5505,38900.0,30334.0,"2,611"
133809,Florida College,Temple Terrace,FL,33617,5,28.034936,-82.383289,1068.0,23.0,0.7852,39100.0,28664.0,537
133872,Adventist University of Health Sciences,Orlando,FL,32803,5,28.576141999999997,-81.367687,917.0,20.0,0.7629,56000.0,23306.0,"1,529"
133881,Florida Institute of Technology,Melbourne,FL,32901-6975,5,28.065815,-80.622893,1179.0,27.0,0.6133,56600.0,55984.0,"3,419"
133951,Florida International University,Miami,FL,33199,5,25.75732,-80.373928,1130.0,25.0,0.5007,46300.0,18873.0,"41,112"
133960,Florida Keys Community College,Key West,FL,33040,5,24.582748000000002,-81.74446,,,,29300.0,14583.0,798
133979,Florida Memorial University,Miami Gardens,FL,33054-6199,5,25.918278,-80.270753,,,0.2496,27600.0,26033.0,"1,280"
134079,Florida Southern College,Lakeland,FL,33801-5698,5,28.032443,-81.948203,1177.0,27.0,0.4554,41400.0,43984.0,"2,567"
134097,Florida State University,Tallahassee,FL,32306-1037,5,30.440756,-84.291921,1214.0,27.0,0.5801,46400.0,21938.0,"32,417"
134130,University of Florida,Gainesville,FL,32611,5,29.646290000000004,-82.347911,1287.0,29.0,0.4594,56000.0,20571.0,"33,309"
134237,Full Sail University,Winter Park,FL,32792-7429,5,28.596546000000004,-81.301286,,,,39300.0,37276.0,"17,504"
134343,Gulf Coast State College,Panama City,FL,32401,5,30.185541999999998,-85.727918,,,,29700.0,8178.0,"4,017"
134422,Key College,Fort Lauderdale,FL,33304-3046,5,26.138855,-80.114145,,,1.0,21600.0,26530.0,46
134495,Hillsborough Community College,Tampa,FL,33606-3584,5,27.934888,-82.456253,,,,33300.0,9491.0,"23,216"
134510,Hobe Sound Bible College,Hobe Sound,FL,33455-1065,5,27.066304,-80.13184,,,,,14378.0,203
134608,Indian River State College,Fort Pierce,FL,34981-5596,5,27.424159999999997,-80.358682,,,,30400.0,6319.0,"14,095"
134680,Sanford-Brown College-Tampa,Tampa,FL,33307,5,27.953202,-82.504615,,,,29300.0,,57
134811,AI Miami International University of Art and Design,Miami,FL,33132-1418,5,25.790008,-80.18839,,,,31600.0,27264.0,"1,863"
134945,Jacksonville University,Jacksonville,FL,32211-3394,5,30.353227,-81.60458,,,0.4918,50500.0,50441.0,"2,841"
135063,Jones College-Jacksonville,Jacksonville,FL,32211,5,30.328002,-81.610068,,,,28500.0,16516.0,182
135081,Keiser University-Ft Lauderdale,Fort Lauderdale,FL,33309,5,26.185869,-80.16395899999999,,,,31100.0,32307.0,"17,789"
135160,Florida Gateway College,Lake City,FL,32025-2007,5,30.175297999999998,-82.5679,,,,29500.0,9462.0,"2,156"
135188,Lake-Sumter State College,Leesburg,FL,34788-8751,5,28.828649,-81.79719300000001,,,,30900.0,9346.0,"3,639"
135364,Luther Rice College & Seminary,Lithonia,GA,30038-9869,5,33.698126,-84.12317900000001,,,0.7647,44800.0,11064.0,347
135391,State College of Florida-Manatee-Sarasota,Bradenton,FL,34207,5,27.43804,-82.590887,,,,30900.0,15456.0,"8,739"
135610,Trinity International University-Florida,Miramar,FL,33027,5,25.973916,-80.350735,,,,41100.0,,179
135717,Miami Dade College,Miami,FL,33132-2204,5,25.777717000000003,-80.19085600000001,,,,31100.0,13284.0,"50,604"
135726,University of Miami,Coral Gables,FL,33146,5,25.72126,-80.278662,1323.0,30.0,0.3771,60100.0,59833.0,"10,577"
136066,Lincoln College of Technology-West Palm Beach,West Palm Beach,FL,33407,5,26.756086,-80.092489,,,,27600.0,26482.0,345
136145,North Florida Community College,Madison,FL,32340,5,30.473840999999997,-83.420732,,,,29400.0,9545.0,909
136172,University of North Florida,Jacksonville,FL,32224-7699,5,30.27194,-81.50914399999999,1110.0,24.0,0.6453,43200.0,20926.0,"13,585"
136215,Nova Southeastern University,Fort Lauderdale,FL,33314-7796,5,26.079337,-80.24248,1127.0,25.0,0.5254,45300.0,43351.0,"4,230"
136233,Northwest Florida State College,Niceville,FL,32578-1295,5,30.540017,-86.47456,,,,27800.0,12237.0,"4,185"
136330,Palm Beach Atlantic University,West Palm Beach,FL,33401,5,26.7044,-80.05247,1076.0,24.0,0.9337,40600.0,40568.0,"2,474"
136358,Palm Beach State College,Lake Worth,FL,33461-4796,5,26.61256,-80.08653000000001,,,,33300.0,9513.0,"26,916"
136400,Pasco-Hernando State College,New Port Richey,FL,34654-5199,5,28.2751,-82.646727,,,,29700.0,10639.0,"9,488"
136473,Pensacola State College,Pensacola,FL,32504-8998,5,30.479267,-87.200265,,,,28200.0,10062.0,"7,723"
136516,Polk State College,Winter Haven,FL,33881-4299,5,28.032411,-81.711873,,,,31800.0,12943.0,"8,583"
136774,Ringling College of Art and Design,Sarasota,FL,34234-5895,5,27.360931,-82.547803,,,0.7814,33200.0,58729.0,"1,331"
136950,Rollins College,Winter Park,FL,32789-4499,5,28.592787,-81.349239,,,0.6062,45700.0,62760.0,"2,642"
137032,Saint Leo University,Saint Leo,FL,33574-6665,5,28.336776,-82.257801,1032.0,23.0,0.6974,43800.0,35092.0,"10,618"
137078,St Petersburg College,Clearwater,FL,33760-2822,5,27.902420000000003,-82.717331,,,,32900.0,11947.0,"25,611"
137096,Santa Fe College,Gainesville,FL,32606-6210,5,29.681037,-82.433143,,,,34600.0,12505.0,"13,799"
137148,Argosy University-Sarasota,Sarasota,FL,34235,5,27.351394,-82.465363,,,,41400.0,24928.0,115
137272,Saint John Vianney College Seminary,Miami,FL,33165-3244,5,25.742579,-80.337411,,,1.0,,37300.0,61
137281,Saint Johns River State College,Palatka,FL,32177,5,29.647515999999996,-81.681387,,,,30800.0,11437.0,"4,807"
137315,South Florida State College,Avon Park,FL,33825-9356,5,27.569740000000003,-81.508667,,,,26900.0,9965.0,"2,063"
137351,University of South Florida-Main Campus,Tampa,FL,33620-9951,5,28.061458000000002,-82.413232,1172.0,26.0,0.4663,43500.0,19652.0,"30,553"
137476,St Thomas University,Miami Gardens,FL,33054-6459,5,25.922071,-80.253273,930.0,19.0,0.5413,49400.0,37714.0,839
137546,Stetson University,DeLand,FL,32723,5,29.035475,-81.30074599999999,,,0.6559999999999999,43200.0,56208.0,"3,052"
137564,Southeastern University,Lakeland,FL,33801-6034,5,28.029733,-81.918382,978.0,21.0,0.4585,34800.0,33954.0,"4,171"
137759,Tallahassee Community College,Tallahassee,FL,32304-2895,5,30.443865999999996,-84.339,,,,30700.0,8761.0,"11,030"
137777,Talmudic College of Florida,Miami Beach,FL,33140-3854,5,25.811996,-80.13629300000001,,,,,26650.0,39
137847,The University of Tampa,Tampa,FL,33606-1490,5,27.948455,-82.46483,1097.0,25.0,0.483,48600.0,40897.0,"7,363"
137953,Trinity Baptist College,Jacksonville,FL,32221,5,30.311171,-81.79626,874.0,18.0,0.6476,33600.0,20433.0,314
137962,Trinity College of Florida,Trinity,FL,34655-4401,5,28.194732000000002,-82.678318,827.0,17.0,0.7067,29200.0,25373.0,199
138187,Valencia College,Orlando,FL,32835,5,28.520898,-81.471466,,,,32600.0,10910.0,"38,044"
138275,Warner University,Lake Wales,FL,33859-8797,5,27.825751,-81.599972,888.0,19.0,0.4359,38600.0,31411.0,930
138293,Webber International University,Babson Park,FL,33827-0096,5,27.838778,-81.532315,897.0,19.0,0.4972,37200.0,39199.0,661
138309,Rasmussen College-Florida,Ocala,FL,34474-6226,5,29.140099,-82.197343,,,,32600.0,21516.0,"7,897"
138354,The University of West Florida,Pensacola,FL,32514-5750,5,30.549076,-87.21851099999999,1070.0,24.0,0.4083,38900.0,17219.0,"9,657"
138558,Abraham Baldwin Agricultural College,Tifton,GA,31793-2601,5,31.481889000000002,-83.528281,932.0,20.0,0.6561,32900.0,13171.0,"3,233"
138600,Agnes Scott College,Decatur,GA,30030-3770,5,33.769268,-84.295459,,,0.6469,39400.0,49404.0,886
138664,Interactive College of Technology-Morrow,Morrow,GA,30260,5,33.57233,-84.33609799999999,,,,23000.0,17219.0,53
138691,Darton State College,Albany,GA,31707-3098,5,31.583594,-84.212087,,,,29600.0,13311.0,"3,791"
138716,Albany State University,Albany,GA,31705,5,31.56928,-84.141825,899.0,19.0,0.4967,32200.0,19126.0,"2,576"
138761,Andrew College,Cuthbert,GA,39840-5550,5,31.772321,-84.79502099999999,,,1.0,29000.0,29406.0,267
138789,Armstrong State University,Savannah,GA,31419-1997,5,31.979073,-81.161803,987.0,21.0,0.8038,39900.0,25433.0,"6,180"
138813,The Art Institute of Atlanta,Atlanta,GA,30328-1635,5,33.936023999999996,-84.35525200000001,,,,30900.0,29448.0,"1,955"
138868,Point University,West Point,GA,31833,5,32.87912,-85.184931,922.0,20.0,0.5144,32500.0,28898.0,"1,358"
138901,Atlanta Metropolitan State College,Atlanta,GA,30310-4448,5,33.70893,-84.404659,,,,28000.0,10302.0,"2,486"
138947,Clark Atlanta University,Atlanta,GA,30314-4391,5,33.747628000000006,-84.412584,914.0,20.0,0.7184,35500.0,36988.0,"3,093"
139144,Berry College,Mount Berry,GA,30149,5,34.290414,-85.18920200000001,1183.0,27.0,0.6209,40000.0,45873.0,"2,055"
139153,Beulah Heights University,Atlanta,GA,30316,5,33.736993,-84.35768,,,,29100.0,18230.0,351
139199,Brenau University,Gainesville,GA,30501-3668,5,34.303117,-83.821513,973.0,22.0,0.3565,42000.0,40016.0,"1,638"
139205,Brewton-Parker College,Mount Vernon,GA,30445,5,32.185718,-82.586136,,,,31900.0,29446.0,462
139250,College of Coastal Georgia,Brunswick,GA,31520-3644,5,31.182745,-81.485973,896.0,19.0,0.9521,28300.0,15763.0,"3,174"
139287,Carver Bible College,Atlanta,GA,30331,5,33.723362,-84.515547,,,,,21156.0,52
139311,Clayton  State University,Morrow,GA,30260-0285,5,33.594079,-84.328174,,,0.4092,38800.0,17241.0,"5,752"
139366,Columbus State University,Columbus,GA,31907-5645,5,32.50096,-84.94106,963.0,20.0,0.5316,35900.0,18465.0,"6,557"
139393,Covenant College,Lookout Mountain,GA,30750-4164,5,34.965161,-85.375066,1191.0,27.0,0.9624,41200.0,42998.0,981
139463,Dalton State College,Dalton,GA,30720-3797,5,34.774221000000004,-85.002775,,,,32300.0,12499.0,"4,780"
139579,South University-Savannah,Savannah,GA,31406,5,31.999571000000003,-81.105435,,,,33400.0,27766.0,627
139621,East Georgia State College,Swainsboro,GA,30401,5,32.594944,-82.309021,,,,31500.0,9436.0,"2,785"
